{
  "train_losses": [
    0.7674934797816806,
    0.6039800544579824,
    0.5804499563048867
  ],
  "val_losses": [
    0.613375336676836,
    0.6135096419602633,
    0.6302053781226278
  ],
  "val_accuracies": [
    0.6928104575163399,
    0.6928104575163399,
    0.6601307189542484
  ],
  "val_f1_scores": [
    0.45860002031900843,
    0.5694919943285957,
    0.5607780876480152
  ],
  "best_val_f1": 0.5694919943285957,
  "epochs_completed": 3,
  "learning_rates": [
    1.7748738126361658e-05,
    1.330431145969499e-05
  ]
}